id_record,News_Title,Link,Source,Country_ID,Keyword
1,Finnwatch Findings: Workers at the Malaysian Palm Company IOI can treat bad treatment,https://internasional.kontan.co.id/news/temuan-finnwatch-pekerja-di-perusahaan-sawit-malaysia-ioi-dapat-perlakuan-buruk,Internasional Kontan,ID,poor working conditions
2,"Regarding US customs findings, Ferrero Stop supply of palm oil from Sime Darby",https://insight.kontan.co.id/news/terkait-temuan-bea-cukai-as-ferrero-stop-pasokan-sawit-dari-sime-darby,Insight Kontan,ID,worker exploitation
3,Gapki: Labor in the palm sector is not exploited,https://investor.id/business/289306/gapki-tenaga-kerja-di-sektor-sawit-tidak-dieksploitasi,Investor Daily,ID,worker exploitation
4,Gapki Denies There is Exploitation of Female Workers in Palm Oil Gardens,https://www.cnnindonesia.com/ekonomi/20201119142621-92-571892/gapki-bantah-ada-eksploitasi-pekerja-perempuan-di-kebun-sawit,CNN Indonesia,ID,worker exploitation
5,"In the midst of the rapid palm oil industry in Indonesia, child labor exploits still occur",https://theconversation.com/di-tengah-pesatnya-industri-kelapa-sawit-di-indonesia-eksploitasi-buruh-anak-masih-terjadi-141611,The Conversation Indonesia,ID,worker exploitation
6,"Human cage is found in the Langkat Regent's house, exploitation of workers in oil palm plantations",https://www.boombastis.com/kerangkeng-manusia-bupati-langkat/300410,Boombastis,ID,worker exploitation
7,"RI-Malaysian oil palm was attacked again, called worker exploitation",https://www.cnbcindonesia.com/news/20200928073730-4-189813/sawit-ri-malaysia-diserang-lagi-disebut-eksploitasi-pekerja,CNBC Indonesia,ID,worker exploitation
8,ILO: Women's workers in oil palm gardens and fisheries need attention to the government,https://kabar24.bisnis.com/read/20220310/15/1509358/ilo-pekerja-perempuan-di-kebun-sawit-dan-perikanan-perlu-perhatian-pemerintah,Bisnis.com,ID,worker exploitation
9,The Indonesian Government Ensures No Exploits Female Workers in the Palm Oil Industry,https://www.agrofarm.co.id/2020/11/pemerintah-indonesia-pastikan-tidak-ada-eksploitasi-pekerja-perempuan-di-industri-sawit/,agrofarm.co.id,ID,worker exploitation
10,The profile of three palm oil companies dragged on cooking oil export cases,https://katadata.co.id/tiakomalasari/berita/625ea03916463/profil-tiga-perusahaan-sawit-yang-terseret-kasus-ekspor-minyak-goreng,Katadata.co.id,ID,palm oil worker
11,"There is forced labor, Cargill Stop Buy palm oil from Malaysian entrepreneurs",https://ekonomi.bisnis.com/read/20220418/620/1524087/ada-kerja-paksa-cargill-stop-beli-minyak-sawit-dari-pengusaha-malaysia,Bisnis.com,ID,palm oil worker
12,The Minister of PPPA said there was still a female worker discrimination in the palm oil industry,https://www.sonora.id/read/423200471/menteri-pppa-sebut-masih-ada-diskriminasi-pekerja-perempuan-di-industri-kelapa-sawit,Sonora.ID,ID,palm oil worker
13,This must be learned by young people who are interested in working on oil palm plantations,https://www.tribunnews.com/bisnis/2022/03/29/ini-yang-harus-dipelajari-anak-muda-yang-tertarik-bekerja-di-perkebunan-kelapa-sawit,Tribunnews.com,ID,palm oil worker
14,"PT Ana Palm Company Distributes Cooking Oil in Beteleme, This is said Residents",https://www.metrosulteng.com/perusahaan-sawit-pt-ana-salurkan-minyak-goreng-di-beteleme-ini-kata-warga/,METRO SULTENG,ID,palm oil worker
15,Indonesia-Malaysia agreed not to compete about oil palm prices,https://nasional.kompas.com/read/2022/04/01/15135481/indonesia-malaysia-sepakat-tak-bersaing-soal-harga-kelapa-sawit?page=all,Kompas.com - Nasional Kompas.com,ID,palm oil worker
16,"Malaysia needs thousands of Indonesian palm oil workers, the G2G agreement is prepared",https://bisnis.tempo.co/read/1535779/malaysia-butuh-ribuan-pekerja-sawit-indonesia-perjanjian-g2g-disiapkan,Bisnis Tempo.co,ID,palm oil worker
17,"Overcome Palm Oil Workers Deficit, Companies in Malaysia Develop Automatic Harvesting Tools",https://www.infosawit.com/news/11748/atasi-defisit-pekerja-sawit--perusahaan-di-malaysia-kembangkan-alat-panen-otomatis,InfoSAWIT,ID,palm oil worker
18,The Ministry of Manpower chests welfare for oil palm sector workers,https://www.liputan6.com/bisnis/read/4658232/kemnaker-upayakan-kesejahteraan-bagi-pekerja-sektor-kelapa-sawit,Liputan6.com,ID,palm oil worker
19,Jokowi Asks Swaday Palm Farmers to Participate in Cooking Oil Production,https://www.kompas.tv/article/273372/jokowi-minta-petani-sawit-swadaya-ikut-produksi-minyak-goreng,Kompas TV,ID,palm oil worker
20,"Absorb a lot of workers, this is 7 scary messages for palm entrepreneurs",https://ekonomi.bisnis.com/read/20210615/99/1405759/serap-banyak-pekerja-ini-7-pesan-menaker-untuk-pengusaha-sawit,Bisnis.com,ID,palm oil worker
21,"How dare Foreign Ships Malaysian-flagged Palm Oil Palm Oil, it turns out without permission",https://medan.tribunnews.com/2022/04/13/beraninya-kapal-asing-berbendera-malaysia-angkut-minyak-kelapa-sawit-ternyata-tanpa-izin,Tribun Medan,ID,palm oil worker
22,7 provinces so the focus of the efforts of child-free oil palm plantations,https://www.infosawit.com/news/11738/7-provinsi-jadi-fokus-upaya-perkebunan-kelapa-sawit-bebas-pekerja-anak,InfoSAWIT,ID,palm oil worker
23,Palm oil companies in Malaysia lack migrant workers,https://dunia.tempo.co/read/1385854/perusahaan-kelapa-sawit-di-malaysia-kekurangan-pekerja-migran,Dunia Tempo,ID,palm oil worker
24,Women's workers in the palm oil sector must be maintained and protected,https://investor.id/business/246414/pekerja-perempuan-di-sektor-kelapa-sawit-harus-dijaga-dan-dilindungi,Investor Daily,ID,palm oil worker
25,"Anxious about the price of palm oil, this is the sound of a farmer 'scream'",https://ekonomi.bisnis.com/read/20220130/12/1495052/cemas-harga-tbs-sawit-begini-suara-jeritan-petani,Bisnis.com,ID,palm oil worker
26,Opinion: Harapan Industry Palm in 2022,https://ekonomi.bisnis.com/read/20220103/9/1484620/opini-harapan-industri-sawit-pada-2022,Bisnis.com,ID,palm oil worker
27,Portrait of workers' safety in oil palm gardens,https://www.infosawit.com/news/11157/potret-keselamatan-pekerja-di-kebun-kelapa-sawit,InfoSAWIT,ID,palm oil worker
28,Malaysian Palm Plantation Needs Foreign Workers in May to June 2022,https://www.tribunnews.com/internasional/2022/03/08/perkebunan-sawit-malaysia-butuh-tenaga-kerja-asing-pada-mei-hingga-juni-2022,Tribunnews.com,ID,palm oil worker
29,Gapki oil palm associations ignore the new export permit policy,https://www.voaindonesia.com/a/asosiasi-kelapa-sawit-gapki-abaikan-kebijakan-izin-ekspor-baru-/6404709.html,Bahasa Indonesia - VOA Indonesia,ID,palm oil worker
30,"Child labor, black spots in the Indonesian and Malaysian palm oil industry",https://www.voaindonesia.com/a/pekerja-anak-noda-hitam-dalam-industri-kelapa-sawit-indonesia-dan-malaysia-/5722658.html,Bahasa Indonesia - VOA Indonesia,ID,palm oil worker
31,"Malaysia will boost palm oil production, after supply of foreign workers is overcome",https://www.infosawit.com/news/12038/malaysia-bakal-genjot-produksi-minyak-sawit--setelah-pasokan-pekerja-asing-diatasi,InfoSAWIT,ID,palm oil worker
32,KPK Ensures People Who Are Flashed by Palm Oil Workers,https://www.infosawit.com/news/11888/kpk-pastikan-orang-yang-dikerangkeng-pekerja-sawit,InfoSAWIT,ID,palm oil worker
33,"Cooperation with BPDPKs, ITB developed palm oil (bens)",https://www.itb.ac.id/news/read/58377/home/kerja-sama-dengan-bpdpks-itb-kembangkan-bensin-sawit-bensa,#NAME?,ID,palm oil worker
34,Palm Farmers Support Cooking Oil Subsidies Use BPDPKS Funds,https://ekonomi.bisnis.com/read/20211230/12/1483855/petani-sawit-dukung-subsidi-minyak-goreng-gunakan-dana-bpdpks,Bisnis.com,ID,palm oil worker
35,"Support female workers in oil palm plantations, for better results",https://www.infosawit.com/news/11448/dukung-pekerja-perempuan-di-perkebunan-sawit--untuk-hasil-lebih-baik,InfoSAWIT,ID,palm oil worker
36,Airlangga calls the palm oil industry can maintain 16.2 million workers during a pandemic,https://money.kompas.com/read/2021/12/02/170755926/airlangga-sebut-industri-kelapa-sawit-bisa-pertahankan-162-juta-tenaga-kerja,Kompas.com - Kompas.com,ID,palm oil worker
37,Finnwatch Findings: Workers at the Malaysian Palm Company IOI can treat bad treatment,https://internasional.kontan.co.id/news/temuan-finnwatch-pekerja-di-perusahaan-sawit-malaysia-ioi-dapat-perlakuan-buruk,Internasional Kontan,ID,palm oil worker
38,"The price of palm oil is increasingly expensive, up 22.7 percent per year",https://www.liputan6.com/bisnis/read/4912017/harga-sawit-makin-mahal-naik-227-persen-per-tahun,Liputan6.com,ID,palm oil worker
39,Good Practices of Protection of Women's Workers in the Palm Oil Sector,https://www.infosawit.com/news/11007/praktik-baik-perlindungan-pekerja-perempuan-di-sektor-kelapa-sawit,InfoSAWIT,ID,palm oil worker
40,Government Accelerates People's Palm Rejuvenation,https://www.liputan6.com/bisnis/read/4896588/pemerintah-percepat-peremajaan-sawit-rakyat,Bisnis Liputan6.com - Liputan6.com,ID,palm oil worker
41,"DMO 30 percent palm oil, supply of cooking oil raw materials will stagnate?",https://ekonomi.bisnis.com/read/20220309/12/1508738/dmo-minyak-sawit-30-persen-pasokan-bahan-baku-minyak-goreng-bakal-mandek,Bisnis.com,ID,palm oil worker
42,"There is a DMO policy, the price of Palm Sawit TBS dropped 27.5 percent",https://ekonomi.bisnis.com/read/20220129/12/1494839/ada-kebijakan-dmo-harga-tbs-sawit-anjlok-275-persen,Bisnis.com,ID,palm oil worker
43,ICCO-Kemendagri works together to realize sustainable oil palm development,https://www.antaranews.com/berita/2726081/icco-kemendagri-bekerja-sama-wujudkan-pembangunan-sawit-berkelanjutan,ANTARA,ID,palm oil worker
44,"RI exports 37.3 million tons of palm oil in 2020, master the global market",https://ekonomi.bisnis.com/read/20210607/99/1402301/ri-ekspor-373-juta-ton-minyak-sawit-pada-2020-kuasai-pasar-global,Bisnis.com,ID,palm oil worker
45,"The story of the palm oil processing factory employee in Banyuasin, it is difficult to get cooking oil",https://sumsel.tribunnews.com/2022/02/23/cerita-karyawan-pabrik-pengolahan-kelapa-sawit-di-banyuasin-sulitnya-dapatkan-minyak-goreng,Tribun Sumsel,ID,palm oil worker
46,APKASIDO: Future of Indonesian Palm in the hands of People's Plantation,https://ekonomi.bisnis.com/read/20211230/99/1483825/apkasindo-masa-depan-sawit-indonesia-di-tangan-perkebunan-rakyat,Bisnis.com,ID,palm oil worker
47,"4.2 million Indonesian residents work in the palm sector, what are the results?",https://www.liputan6.com/bisnis/read/4639494/42-juta-penduduk-indonesia-kerja-di-sektor-sawit-apa-hasilnya,Liputan6.com,ID,palm oil worker
48,"CPO prices soared, palm farmers in the middlemen",https://www.voaindonesia.com/a/harga-cpo-melonjak-petani-sawit-dikekang-tengkulak/6278045.html,Bahasa Indonesia - VOA Indonesia,ID,palm oil worker
49,Malaysian oil palm was hit by flooding and lack of labor,https://market.bisnis.com/read/20210120/94/1345430/kelapa-sawit-malaysia-terpukul-banjir-dan-kekurangan-tenaga-kerja,Bisnis.com,ID,palm oil worker
50,2 of these palm companies open jobs,https://www.infosawit.com/news/12012/2-perusahaan-sawit-ini-lagi-buka-lowongan-kerja,InfoSAWIT,ID,palm oil worker
51,"The oil palm industry absorbered 2,400 indigenous people of Papua",https://www.antaranews.com/berita/2099766/industri-sawit-serap-2400-pekerja-orang-asli-papua,ANTARA,ID,palm oil worker
52,Palm Black Campaign Response by Increasing Labor Welfare,https://www.jawapos.com/ekonomi/bisnis/25/09/2021/respons-kampanye-hitam-sawit-dengan-tingkatkan-kesejahteraan-buruh/,JawaPos,ID,palm oil worker
53,European Union rejects palm oil from Indonesia?This Vincent Ambassador Response,https://ekonomi.bisnis.com/read/20220110/12/1487191/uni-eropa-tolak-sawit-asal-indonesia-ini-respons-dubes-vincent,Bisnis.com,ID,palm oil worker
54,"The Malaysian palm oil industry struggles against Corona, mice and less laborers",https://katadata.co.id/maesaroh/berita/6135d7b76204e/industri-sawit-malaysia-berjuang-lawan-corona-tikus-dan-kurang-buruh,Katadata.co.id,ID,palm oil worker
55,"AP: Many Palm Oil Plantation Workers in Malaysia, Indonesia Natural Exploitation",https://www.voaindonesia.com/a/ap-pekerja-perkebunan-kelapa-sawit-di-malaysia-indonesia-alami-eksploitasi-/5597193.html,Bahasa Indonesia - VOA Indonesia,ID,palm oil worker
56,"Hard code for the European Union, Switzerland Receives Indonesian Palm Oil",https://ekonomi.bisnis.com/read/20211207/12/1474779/kode-keras-buat-uni-eropa-swiss-terima-kelapa-sawit-indonesia,Bisnis.com,ID,palm oil worker
57,"Palm oil production is boosted, this is the impact on farmers",https://finance.detik.com/industri/d-5805993/produksi-minyak-sawit-digenjot-begini-imbasnya-buat-petani,detikFinance,ID,palm oil worker
58,Made mechanization efficiency in oil palm plantations,https://www.infosawit.com/news/11236/menakar-efisiensi-mekanisasi-di-perkebunan-kelapa-sawit,InfoSAWIT,ID,palm oil worker
59,"Palm Obligations for Domestic Eating Victims, 350 Factory Employees get layoffs",https://economy.okezone.com/read/2022/03/12/320/2560609/kewajiban-sawit-untuk-dalam-negeri-makan-korban-350-karyawan-pabrik-kena-phk,Okezone Economy,ID,palm oil worker
60,BPDPKS encourages palm cooking oil as a prima donna ukmk,https://www.bpdp.or.id/bpdpks-mendorong-minyak-goreng-sawit-sebagai-primadona-ukmk,BPDP Sawit,ID,palm oil worker
61,"Female and male palm workers both work in difficult conditions, but different fate",https://theconversation.com/buruh-sawit-perempuan-dan-laki-laki-sama-sama-bekerja-dalam-kondisi-sulit-tapi-berbeda-nasib-143459,The Conversation Indonesia,ID,palm oil worker
62,"Covid-19 Impact, Malaysian Palm Oil Plantation Company Natural Labor Deficit",https://www.suarapemredkalbar.com/read/internasional/10122021/dampak-covid-19-perusahaan-perkebunan-kelapa-sawit-malaysia-alami-defisit-tenaga-kerja,Suara Pemred,ID,palm oil worker
63,This is the reason for oil palm proposed to be forest plants,https://ekonomi.bisnis.com/read/20220127/12/1494342/ini-alasan-kelapa-sawit-diusulkan-jadi-tanaman-hutan,Bisnis.com,ID,palm oil worker
64,"Palm Oil Prices Rise in West Kalimantan, Farmer Welfare Can Increase |Palm Info",https://www.gatra.com/news-522537-info-sawit-harga-sawit-naik-di-kalbar-kesejahteraan-petani-bisa-meningkat.html,Gatra,ID,palm oil worker
65,Dorab Mistry: supply of palm oil production improves after May 2022,https://www.infosawit.com/news/11636/dorab-mistry--pasokan-produksi-minyak-sawit-membaik-paska-mei-2022,InfoSAWIT,ID,palm oil worker
66,See the coconut oil industry in the highest palm oil,https://finance.detik.com/foto-bisnis/d-5924029/melihat-industri-minyak-kelapa-di-tengah-mahalnya-minyak-sawit,detikFinance,ID,palm oil worker
67,"Protect Palm Farmers, APKIDO Cooperates with BPJS Employment",https://money.kompas.com/read/2022/03/07/153000826/lindungi-petani-sawit-apkasindo-gandeng-bpjs-ketenagakerjaan?page=all,Kompas.com - Kompas.com,ID,palm oil worker
68,The Malaysian palm oil industry threatened to lose US $ 2.8 billion due to lack of workers,https://market.bisnis.com/read/20200605/94/1248994/industri-sawit-malaysia-terancam-kehilangan-us28-miliar-akibat-kekurangan-pekerja,Bisnis.com,ID,palm oil worker
69,"Forced labor practices, Malaysian palm oil companies face US import prohibitions",https://wartabulukumba.pikiran-rakyat.com/internasional/pr-873604255/praktik-kerja-paksa-perusahaan-minyak-kelapa-sawit-malaysia-menghadapi-larangan-impor-as,Warta Bulukumba - Warta Bulukumba,ID,palm oil worker
70,The Palm Oil Industry boosted the Kalbar Economy of Millions of Dollars |Palm Info,https://www.gatra.com/news-524096-info-sawit-industri-sawit-mendongkrak-ekonomi-kalbar-jutaan-dollar.html,Gatra,ID,palm oil worker
71,"Palm oil discrimination must be stopped, this is the reason",https://www.liputan6.com/bisnis/read/4722581/diskriminasi-sawit-harus-dihentikan-ini-alasannya,Bisnis Liputan6.com - Liputan6.com,ID,palm oil worker
72,Comfortable female worker space in oil palm plantations,https://sawitindonesia.com/ruang-nyaman-pekerja-perempuan-di-perkebunan-sawit/,Majalah Sawit Indonesia,ID,palm oil worker
73,"CPO prices have collapsed, the future of bright oil palm?",https://www.cnbcindonesia.com/market/20211208065524-17-297500/harga-cpo-sempat-ambrol-masa-depan-sawit-cerah,CNBC Indonesia,ID,palm oil worker
74,"Ownership of the people's oil palm plantation is only 41 percent, the rest is controlled by BUMN and the private sector",https://www.liputan6.com/bisnis/read/4712965/kepemilikan-kebun-sawit-rakyat-cuma-41-persen-sisanya-dikuasai-bumn-dan-swasta,Liputan6.com,ID,palm oil worker
75,"Citing labour concerns, Italian sweets maker Ferrero to stop buying palm oil from Sime Darby",https://www.malaymail.com/news/malaysia/2022/04/15/ferrero-to-stop-buying-palm-oil-from-malaysias-sime-darby-over-labour-conce/2053670,Malay Mail,MY,worker exploitation
76,Soppoa: S'wak palm oil industry needs other source countries for workers,https://www.theborneopost.com/2022/04/16/soppoa-swak-palm-oil-industry-needs-other-source-countries-for-workers/,The Borneo Post,MY,palm oil worker
77,"Indonesia, Malaysia agree on palm oil non-competition, migrant worker protection",https://www.straitstimes.com/asia/se-asia/indonesia-malaysia-agree-their-palm-oil-prices-should-not-compete,The Straits Times,MY,palm oil worker
78,Cargill Suspends Palm Oil Purchases From Malaysia's Sime Darby,https://www.bloomberg.com/news/articles/2022-04-18/cargill-suspends-palm-oil-purchases-from-malaysia-s-sime-darby,Bloomberg,MY,palm oil worker
79,"Analysis: Malaysia's palm oil producers adjust to labour shortages, higher recruitment costs",https://www.reuters.com/markets/commodities/malaysias-palm-oil-producers-adjust-labour-shortages-higher-recruitment-costs-2021-12-09/,Reuters,MY,palm oil worker
80,Malaysia to raise palm oil output after hiring more foreign workers,https://www.thestar.com.my/business/business-news/2022/02/23/malaysia-to-raise-palm-oil-output-after-hiring-more-foreign-workers,The Star Online,MY,palm oil worker
81,Suhakam: Palm oil plantation workers subjected to forced...,https://themalaysianreserve.com/2022/03/11/suhakam-palm-oil-plantation-workers-subjected-to-forced-labour/,The Malaysian Reserve,MY,palm oil worker
82,Oil palm plantations in dire need of workers,https://www.thestar.com.my/news/nation/2021/10/25/oil-palm-plantations-in-dire-need-of-workers,The Star Online,MY,palm oil worker
83,Sarawak in dire need of foreign workers in oil palm plantations,https://www.nst.com.my/news/nation/2022/02/773002/sarawak-dire-need-foreign-workers-oil-palm-plantations,New Straits Times,MY,palm oil worker
84,11 oil palm industry associations want minimum wage hike postponed,https://www.theborneopost.com/2022/04/07/11-oil-palm-industry-associations-want-minimum-wage-hike-postponed/,The Borneo Post,MY,palm oil worker
85,"Foreign workers for Malaysia's palm plantations to arrive in May, June",https://www.channelnewsasia.com/business/foreign-workers-malaysias-palm-plantations-arrive-may-june-2547481,CNA,MY,palm oil worker
86,Malaysia's palm giant FGV expects migrant workers to arrive by end-March,https://www.reuters.com/markets/commodities/malaysias-palm-oil-giant-fgv-says-migrant-workers-enter-by-end-q1-2022-2021-11-30/,Reuters,MY,palm oil worker
87,MPOA urges govt to lift freeze on foreign worker recruitment for palm oil industry at 'breaking point',https://www.theedgemarkets.com/article/mpoa-urges-govt-lift-freeze-foreign-worker-recruitment-palm-oil-industry-breaking-point,The Edge Markets MY,MY,palm oil worker
88,"Palm oil plantation sector to get 32,000 foreign workers with strict SOP set, says minister",https://www.malaymail.com/news/malaysia/2021/10/26/palm-oil-plantation-sector-to-get-32000-foreign-workers-with-strict-sop-set/2016097,Malay Mail,MY,palm oil worker
89,Palm oil stock likely grew 2.8% at end-March,https://www.thestar.com.my/business/business-news/2022/04/07/palm-oil-stock-likely-grew-28-at-end-march,The Star Online,MY,palm oil worker
90,Palm oil and human rights: Malaysia striving to improve reputation and appease US over labour standards,https://www.foodnavigator-asia.com/Article/2022/01/27/palm-oil-and-human-rights-malaysia-striving-to-improve-reputation-and-appease-us-over-labour-standards,FoodNavigator-Asia.com,MY,palm oil worker
91,Lifting of foreign labour ban on oil palm plantations offers sector slight relief,https://www.theedgemarkets.com/article/lifting-foreign-labour-ban-oil-palm-plantations-offers-sector-slight-relief,The Edge Markets MY,MY,palm oil worker
92,Palm oil industry facing collapse,https://www.theborneopost.com/2021/07/11/palm-oil-industry-facing-collapse/,The Borneo Post,MY,palm oil worker
93,Saravanan says ministry received 7500 applications for foreign oil palm plantation workers,https://www.theedgemarkets.com/article/saravanan-says-ministry-received-7500-applications-foreign-oil-palm-plantation-workers,The Edge Markets MY,MY,palm oil worker
94,Malaysia's palm oil yield to continue declining on labour shortage,https://www.theedgemarkets.com/article/malaysias-palm-oil-yield-continue-declining-labour-shortage,The Edge Markets MY,MY,palm oil worker
95,Curb oil palm loss and theft with AgriTech,https://www.malaysiakini.com/announcement/615530,Malaysiakini,MY,palm oil worker
96,"Malaysia's palm oil producers adjust to labor shortages, higher recruitment costs",https://www.rappler.com/business/malaysia-palm-oil-producers-adjust-labor-shortages-higher-recruitment-costs/,Rappler,MY,palm oil worker
97,Malaysia hunts for local palm oil workers with online jobs...,https://themalaysianreserve.com/2021/03/11/malaysia-hunts-for-local-palm-oil-workers-with-online-jobs-fair/,The Malaysian Reserve,MY,palm oil worker
98,Soppoa: Oil palm industry in desperate need of migrant workers,https://www.theborneopost.com/2022/03/10/soppoa-oil-palm-industry-in-desperate-need-of-migrant-workers/,The Borneo Post,MY,palm oil worker
99,"Malaysia palm oil workers discouraged from going home, rights groups say",https://www.reuters.com/article/uk-malaysia-palmoil-labour-idUSKBN28L0KM,Reuters,MY,palm oil worker
100,Malaysian palm giant IOI faces labour abuse allegations in new report,https://www.reuters.com/world/asia-pacific/malaysian-palm-giant-ioi-faces-labour-abuse-allegations-new-report-2021-06-29/,Reuters,MY,palm oil worker
101,Malaysia palm oil growers group pledges to abolish forced...,https://themalaysianreserve.com/2021/12/16/malaysia-palm-oil-growers-group-pledges-to-abolish-forced-labour/,The Malaysian Reserve,MY,palm oil worker
102,Malaysia farms face $3.9 billion hit from palm oil worker shortage,https://www.straitstimes.com/business/economy/malaysia-farms-face-39-billion-hit-from-palm-oil-worker-shortage,The Straits Times,MY,palm oil worker
103,Palm Oil Output at Risk as Virus Lockdown Worsens Labor Shortage,https://www.bloomberg.com/news/articles/2021-06-14/palm-oil-output-at-risk-as-virus-lockdown-worsens-labor-shortage,Bloomberg,MY,palm oil worker
104,"Palm oil labor abuses linked to world's top brands, banks",https://apnews.com/article/virus-outbreak-only-on-ap-indonesia-financial-markets-malaysia-7b634596270cc6aa7578a062a30423bb,The Associated Press - en EspaÃ±ol,MY,palm oil worker
105,"Palm oil bulls to roar into 2022 on labour crunch, La Nina deluge",https://www.straitstimes.com/business/companies-markets/palm-oil-bulls-to-roar-into-2022-on-labour-crunch-la-nina-deluge,The Straits Times,MY,palm oil worker
106,ISPO Assures Palm Oil Worker Rights,https://jakartaglobe.id/opinion/ispo-assures-palm-oil-worker-rights/,Jakarta Globe,MY,palm oil worker
107,Labour shortage getting worse in palm plantations,https://www.thestar.com.my/business/business-news/2021/06/02/labour-shortage-getting-worse-in-palm-plantations,The Star Online,MY,palm oil worker
108,Malaysian digital cutter for palm oil trees will mitigate worker shortage,https://www.businesslive.co.za/bloomberg/news/2021-12-15-malaysian-digital-cutter-for-palm-oil-trees-will-mitigate-worker-shortage/,BusinessLIVE,MY,palm oil worker
109,Foreign worker ban will hit palm oil industry hard,https://www.nst.com.my/opinion/letters/2020/08/617056/foreign-worker-ban-will-hit-palm-oil-industry-hard,New Straits Times,MY,palm oil worker
110,Malaysian palm oil producers step up perks to retain foreign workers amid pandemic,https://www.reuters.com/article/health-coronavirus-malaysia-palmoil-idUSL4N2DP2E9,Reuters,MY,palm oil worker
111,Taking a Stand for Palm Oil Workers,https://jakartaglobe.id/context/taking-a-stand-for-palm-oil-workers/,Jakarta Globe,MY,palm oil worker
112,Raid against Sumatran official uncovers use of slave labor on oil palm farm,https://news.mongabay.com/2022/01/raid-against-sumatran-official-uncovers-use-of-slave-labor-on-oil-palm-farm/,Mongabay.com,MY,palm oil worker
113,CORRECTION: Malaysia limits palm oil workforce capacity to 60% amid Covid-19,https://www.agricensus.com/Article/CORRECTION-Malaysia-limits-palm-oil-workforce-capacity-to-60-amid-Covid-19-16790.html,AgriCensus,MY,palm oil worker
114,Malaysia's Sabah aims to be world's first 'green' palm oil state,https://www.japantimes.co.jp/news/2022/01/27/business/malaysia-palm-oil-climate/,The Japan Times,MY,palm oil worker
115,Report finds litany of labor abuses on RSPO-certified oil palm plantations,https://news.mongabay.com/2020/12/labor-abuses-rspo-oil-palm-plantations-indonesia-sumatra-kalimantan/,Mongabay.com,MY,palm oil worker
116,Migrant workers in oil palm plantations deserve better treatment â€” Tenaganita,https://www.malaymail.com/news/what-you-think/2018/09/25/migrant-workers-in-oil-palm-plantations-deserve-better-treatment-tenaganita/1676208,Malay Mail,MY,palm oil worker
117,Closing the Gender Gap in the Oil Palm Industry,https://www.csrwire.com/press_releases/740416-closing-gender-gap-oil-palm-industry,CSRwire.com,MY,palm oil worker
118,Oil palm smallholders caught in a triple bind,https://www.thestar.com.my/news/nation/2021/10/24/oil-palm-smallholders-caught-in-a-triple-bind,The Star Online,MY,palm oil worker
119,Malaysian firm launches first online market for sustainable palm oil,https://www.reuters.com/world/asia-pacific/malaysian-firm-launches-first-online-market-sustainable-palm-oil-2022-03-08/,Reuters,MY,palm oil worker
120,Indonesia Doesn't Pretend Palm Oil Industry Has Been Without Problems,https://jakartaglobe.id/opinion/indonesia-doesnt-pretend-palm-oil-industry-has-been-without-problems/,Jakarta Globe,MY,palm oil worker
121,"Canada probes forced labour claims in Malaysian palm oil, glove-making industries",https://www.reuters.com/world/asia-pacific/canada-probes-forced-labour-claims-malaysian-palm-oil-glove-making-industries-2021-05-28/,Reuters,MY,palm oil worker
122,Pandemic forces Malaysian palm industry to rethink reliance on foreign labour,https://www.reuters.com/article/us-health-coronavirus-malaysia-palmoil-idUSKCN25E0A4,Reuters,MY,palm oil worker
123,A year of two halves for palm oil sector,https://www.malaymail.com/news/money/2021/12/19/a-year-of-two-halves-for-palm-oil-sector/2029554,Malay Mail,MY,palm oil worker
124,"Malaysia losing up to 25% of palm oil yield due to labour crunch, MPOA says",https://www.reuters.com/article/uk-malaysia-palmoil-wto-idUKKCN24L0GZ,Reuters,MY,palm oil worker
125,Soppoa: M'sian palm oil futures to remain favourable,https://www.theborneopost.com/2022/01/06/soppoa-msian-palm-oil-futures-to-remain-favourable/,The Borneo Post,MY,palm oil worker
126,Malaysia to go on 'attack' to counter palm oil critics: minister,https://asia.nikkei.com/Business/Markets/Commodities/Malaysia-to-go-on-attack-to-counter-palm-oil-critics-minister2,Nikkei Asia,MY,palm oil worker
127,Floods: Worker found drowned at oil palm plantation,https://www.thestar.com.my/news/nation/2021/12/24/floods-worker-found-drowned-at-oil-palm-plantation,The Star Online,MY,palm oil worker
128,Palm oil is a big business and virtually impossible to avoid. The workers who cultivate it are abused.,https://www.chicagotribune.com/nation-world/ct-nw-palm-oil-worker-abuse-20201121-q2grzchac5b2hg57gnww4dex7m-story.html,Chicago Tribune,MY,palm oil worker
129,Labour shortage poses more threats to palm oil...,https://themalaysianreserve.com/2021/01/26/labour-shortage-poses-more-threats-to-palm-oil-sector/,The Malaysian Reserve,MY,palm oil worker
130,Digitalising palm oil sustainability: AI and satellite imaging identified as crucial technology â€“ Malaysian industry,https://www.foodnavigator-asia.com/Article/2021/11/09/Digitalising-palm-oil-sustainability-AI-and-satellite-imaging-identified-as-crucial-technology-Malaysian-industry,FoodNavigator-Asia.com,MY,palm oil worker
131,"Palm prices seen lower in 2022 on output rise, but firm so far",https://www.reuters.com/business/energy/palm-prices-seen-lower-2022-output-rise-firm-so-far-2022-01-24/,Reuters,MY,palm oil worker
132,India asks Indonesia to raise palm oil supply as prices spike,https://www.reuters.com/business/energy/india-asks-indonesia-raise-palm-oil-supply-prices-spike-sources-2022-03-02/,sources - Reuters,MY,palm oil worker
133,Women workers in palm oil plantations,https://www.malaysiakini.com/news/422451,a neglected sector of M'sian labour - Malaysiakini,MY,palm oil worker
134,Indonesian government says no to reclassifying oil palm estates as forests,https://news.mongabay.com/2022/02/indonesian-government-says-no-to-reclassifying-oil-palm-estates-as-forests/,Mongabay.com,MY,palm oil worker
135,Palm-Oil Migrant Workers Tell of Abuses on Malaysian Plantations,https://www.wsj.com/articles/palm-oil-migrant-workers-tell-of-abuses-on-malaysian-plantations-1437933321,The Wall Street Journal,MY,palm oil worker
136,Palm Oil's Human Cost Alleged in New Report,https://www.nationalgeographic.com/history/article/palm-oil-labor-exploitation-indonesia,National Geographic,MY,palm oil worker
137,Vulnerable and exploited: 7 things we learned about migrant labour in palm oil,https://www.theguardian.com/sustainable-business/2016/jun/10/vulnerable-exploited-7-things-we-learned-about-migrant-labour-in-palm-oil,The Guardian,MY,palm oil worker
138,"Indonesia recruits farmers, teachers to battle anti-palm oil sentiment",https://www.reuters.com/world/asia-pacific/indonesia-recruits-farmers-teachers-battle-anti-palm-oil-sentiment-2021-11-10/,Reuters,MY,palm oil worker
139,NestlÃ© criticised over migrant palm oil workers in Malaysia,https://www.swissinfo.ch/eng/responsible-business_nestl%C3%A9-criticised-over-migrant-palm-oil-workers-in-malaysia/45234426,SWI swissinfo.ch in English,MY,palm oil worker
140,US bans second Malaysian palm oil giant over forced labor,https://apnews.com/article/forced-labor-malaysia-261eb108042b23eee596091a40a9a9aa,The Associated Press,MY,palm oil worker
141,Plight of the Malaysian oil palm sector | The Edge Markets,https://www.theedgemarkets.com/article/plight-malaysian-oil-palm-sector,The Edge Markets MY,MY,palm oil worker
142,Can a palm oil company have social impact?,https://www.eco-business.com/news/can-a-palm-oil-company-have-social-impact/,Eco-Business,MY,palm oil worker
143,"Operational restrictions at Sabah palm oil estates will lead to worker exodus, says MEOA",https://www.theedgemarkets.com/article/operational-restrictions-sabah-palm-oil-estates-will-lead-worker-exodus-says-meoa,The Edge Markets MY,MY,palm oil worker
144,How palm oil ended up in everything,https://www.euronews.com/green/2021/07/04/how-palm-oil-ended-up-in-everything-and-could-be-ruining-the-planet,and could be ruining the planet - Euronews,MY,palm oil worker
145,"Palm Oil for the West, Exploitation for Young Workers in Malaysia",https://www.theatlantic.com/international/archive/2013/04/palm-oil-for-the-west-exploitation-for-young-workers-in-malaysia/274769/,The Atlantic,MY,palm oil worker
146,FGV passionate about changing Malaysian palm oil narrative â€” CEO,https://www.theedgemarkets.com/article/fgv-passionate-about-changing-malaysian-palm-oil-narrative-%E2%80%94-ceo,The Edge Markets MY,MY,palm oil worker
147,Push for palm oil self-reliance,https://www.newindianexpress.com/opinions/editorials/2021/aug/23/push-for-palm-oil-self-reliance-2348433.html,The New Indian Express,MY,palm oil worker
148,"Malaysia end-June palm stocks hit 9-month high as output, imports grow",https://www.reuters.com/business/energy/malaysia-end-june-palm-stocks-hit-9-month-high-output-imports-grow-2021-07-12/,Reuters,MY,palm oil worker
149,Labour shortage worsens in oil palm sector amid pandemic,https://www.thestar.com.my/business/business-news/2020/08/08/labour-shortage-worsens-in-oil-palm-sector-amid-pandemic,The Star Online,MY,palm oil worker
150,"MPOB, MPOC call for more allocations for palm oil...",https://themalaysianreserve.com/2021/10/05/mpob-mpoc-call-for-more-allocations-for-palm-oil-industry/,The Malaysian Reserve,MY,palm oil worker
151,"Malaysia says allegations of forced labour in palm plantations is ""old issue""",https://www.reuters.com/article/fgv-ban-idUSKBN277111,Reuters,MY,palm oil worker
152,Palm oil mounts 'new offensive' in Colombia while workers decry labor conditions,https://news.mongabay.com/2017/10/palm-oil-mounts-new-offensive-in-colombia-while-workers-decry-labor-conditions/,Mongabay.com,MY,palm oil worker
153,Malaysian palm oil at a crossroads | Argus Blog,https://www.argusmedia.com/en/blog/2020/october/7/malaysian-palm-oil-at-a-crossroads,Argus Media,MY,palm oil worker
154,Labour crunch hurts Malaysian palm oil growers as Indonesians stay home,https://www.reuters.com/article/us-palmoil-labour-idUSBREA3Q0P320140427,Reuters,MY,palm oil worker
155,"Palm prices seen firm until Feb, but could ease from March â€“analyst Mistry",https://www.reuters.com/business/palm-prices-seen-firm-until-feb-could-ease-march-analyst-mistry-2021-09-25/,Reuters,MY,palm oil worker
